"$State []","Freq [GHz]","CCL []"
0,2,1.07637515268127
0,2.1,1.02938690442549
0,2.2,1.03314128427259
0,2.3,1.06130968341038
0,2.4,1.10731579303094
0,2.5,1.16728779175057
0,2.6,1.23702744287528
0,2.7,1.31256673133549
0,2.8,1.39050351992988
0,2.9,1.46793179285164
0,3,1.54237045407567
0,3.1,1.61171806851475
0,3.2,1.67419229094843
0,3.3,1.72827219919117
0,3.4,1.77267068588867
0,3.5,1.80634336861031
0,3.6,1.82852343715929
0,3.7,1.83876484384659
0,3.8,1.83697620380245
0,3.9,1.82343192242092
0,4,1.79875368656558
0,4.1,1.76386286389548
0,4.2,1.71991068181207
0,4.3,1.66819679925845
0,4.4,1.61008749708977
0,4.5,1.54694272302614
0,4.6,1.48005782326103
0,4.7,1.41062222310131
0,4.8,1.33969445387796
0,4.9,1.26819112127008
0,5,1.19688662189669
0,5.1,1.12642037749623
0,5.2,1.05730876082592
0,5.3,0.989959478488828
0,5.4,0.924686782307192
0,5.5,0.861726410385129
0,5.6,0.801249576209617
0,5.7,0.743375627641463
0,5.8,0.688183202708564
0,5.9,0.635719836603568
0,6,0.586010044802961
0,6.1,0.539061938634322
0,6.2,0.494872436583106
0,6.3,0.453431129051934
0,6.4,0.414722846037696
0,6.5,0.37872897471317
0,6.6,0.345361422116066
0,6.7,0.314603268578186
0,6.8,0.286384264530471
0,6.9,0.26063011564794
0,7,0.237259227048859
0,7.1,0.21618002784051
0,7.2,0.197289003233439
0,7.3,0.18046953007347
0,7.4,0.165591562966087
0,7.5,0.152512158394368
0,7.6,0.141076761394427
0,7.7,0.13112112253464
0,7.8,0.122473671996548
0,7.9,0.11495816340748
0,8,0.108396425091789
0,8.1,0.102611133028442
0,8.2,0.0974286533126805
0,8.3,0.0926821686736022
0,8.4,0.0882154008067544
0,8.5,0.0838869999457565
0,8.6,0.0795745974398786
0,8.7,0.0751751372739239
0,8.8,0.0705954370764333
0,8.9,0.0657301162396504
0,9,0.0604448112126566
0,9.1,0.0546119356415353
0,9.2,0.0482147015541458
0,9.3,0.0414294765728
0,9.4,0.0346025483136953
0,9.5,0.0281644761303566
0,9.6,0.0225390776540807
0,9.7,0.0180608156931657
0,9.8,0.0149166893285605
0,9.9,0.013114922726481
0,10,0.0124992633671914
0,10.1,0.0128325309869453
0,10.2,0.0138959625763497
0,10.3,0.0155410045726207
0,10.4,0.0176899098677387
0,10.5,0.0203078992808939
0,10.6,0.02336396946519
0,10.7,0.0267959218813804
0,10.8,0.0305232191996327
0,10.9,0.0346737417113463
0,11,0.0405396142110837
0,11.1,0.045613517604315
0,11.2,0.0502974342977702
0,11.3,0.054659846303156
0,11.4,0.0591193689663001
0,11.5,0.0645622787481782
0,11.6,0.0725255165325337
0,11.7,0.0848272545585809
0,11.8,0.101869809692718
0,11.9,0.121805662158263
0,12,0.141675505632215
0,12.1,0.157152155043677
0,12.2,0.162210614447545
0,12.3,0.15158559426646
0,12.4,0.129730134148229
0,12.5,0.10871436043156
0,12.6,0.0932605015940809
0,12.7,0.0831822889239596
0,12.8,0.0767252789567321
0,12.9,0.0724642527126556
0,13,0.0703675697903968
0,13.1,0.0693895476458631
0,13.2,0.069129017046202
0,13.3,0.0693249179580163
0,13.4,0.0698059464954933
0,13.5,0.0704595590129305
0,13.6,0.0712118300100986
0,13.7,0.0720143988505365
0,13.8,0.0728360107167308
0,13.9,0.0736569982317656
0,14,0.0744656291969475
0,14.1,0.0752556394929516
0,14.2,0.0760245288372846
0,14.3,0.0767723598279255
0,14.4,0.0775008993706245
0,14.5,0.0782130002004416
0,14.6,0.0789121550512255
0,14.7,0.0796021771957775
0,14.8,0.0802869744460536
0,14.9,0.0809703925507773
0,15,0.0816561100645127
0,15.1,0.0823475711881829
0,15.2,0.0830479463657845
0,15.3,0.083760112905359
0,15.4,0.0844866497892615
0,15.5,0.0852298422943721
0,15.6,0.0859916931603591
0,15.7,0.0867739379000543
0,15.8,0.0875780624989636
0,15.9,0.0884053222463051
0,16,0.0892567608132876
0,16.1,0.0901332289734744
0,16.2,0.0910354025668474
0,16.3,0.0919637994607225
0,16.4,0.0929187953701836
0,16.5,0.0939006384785978
0,16.6,0.0949094628529284
0,16.7,0.0959453006851089
0,16.8,0.0970080934143391
0,16.9,0.0980977017993423
0,17,0.0992139150170401
0,17.1,0.100356458866779
0,17.2,0.101525003158651
0,17.3,0.102719168361683
0,17.4,0.103938531583563
0,17.5,0.105182631948628
0,17.6,0.106450975435597
0,17.7,0.107743039231111
0,17.8,0.109058275649901
0,17.9,0.110396115667359
0,18,0.111755972105553
0,18.1,0.113137242509358
0,18.2,0.114539311745359
0,18.3,0.115961554352561
0,18.4,0.117403336670629
0,18.5,0.118864018768483
0,18.6,0.120342956193419
0,18.7,0.121839501558617
0,18.8,0.123353005984814
0,18.9,0.124882820410131
0,19,0.126428296780407
0,19.1,0.127988789130999
0,19.2,0.129563654569775
0,19.3,0.131152254169923
0,19.4,0.132753953780275
0,19.5,0.134368124759997
0,19.6,0.135994144643776
0,19.7,0.137631397743004
0,19.8,0.139279275687906
0,19.9,0.140937177915058
0,20,0.14260451210435
1,2,nan
1,2.1,nan
1,2.2,nan
1,2.3,nan
1,2.4,nan
1,2.5,nan
1,2.6,nan
1,2.7,nan
1,2.8,nan
1,2.9,nan
1,3,nan
1,3.1,nan
1,3.2,nan
1,3.3,nan
1,3.4,nan
1,3.5,nan
1,3.6,nan
1,3.7,nan
1,3.8,nan
1,3.9,nan
1,4,nan
1,4.1,nan
1,4.2,nan
1,4.3,nan
1,4.4,nan
1,4.5,nan
1,4.6,nan
1,4.7,nan
1,4.8,8.06222246257405
1,4.9,2.86434031744605
1,5,2.01072142305203
1,5.1,1.55216939551311
1,5.2,1.25342164285378
1,5.3,1.04024762164613
1,5.4,0.879701326165775
1,5.5,0.754362149673997
1,5.6,0.653959663449829
1,5.7,0.57196910977466
1,5.8,0.504012578659205
1,5.9,0.447027433294973
1,6,0.398799420846579
1,6.1,0.357684443052381
1,6.2,0.322434626436281
1,6.3,0.292085222398488
1,6.4,0.265878576487184
1,6.5,0.243211524428916
1,6.6,0.223419515457421
1,6.7,0.206438954814379
1,6.8,0.191887585574427
1,6.9,0.179463126960692
1,7,0.16892597564036
1,7.1,0.160086295202662
1,7.2,0.152794065330556
1,7.3,0.146930971361057
1,7.4,0.142403112768914
1,7.5,0.139133412619169
1,7.6,0.137052322421538
1,7.7,0.136084995283253
1,7.8,0.136132831405883
1,7.9,0.137048084516206
1,8,0.138604122384408
1,8.1,0.140473974025565
1,8.2,0.142245697592831
1,8.3,0.143509444743814
1,8.4,0.144011187027625
1,8.5,0.143771016340198
1,8.6,0.143011245743122
1,8.7,0.141858989955695
1,8.8,0.139972739159189
1,8.9,0.1362798667076
1,9,0.129017393999996
1,9.1,0.116442482290259
1,9.2,0.0983668270811806
1,9.3,0.0772873769771019
1,9.4,0.0571458578942705
1,9.5,0.0406425068198348
1,9.6,0.0284008052687266
1,9.7,0.0200327570633395
1,9.8,0.0149105089801589
1,9.9,0.0123748367048024
1,10,0.0118674791190411
1,10.1,0.0130156567852798
1,10.2,0.0156354817989277
1,10.3,0.019687245752621
1,10.4,0.0252045335792383
1,10.5,0.0321370667218448
1,10.6,0.0400079695119141
1,10.7,0.048049749784979
1,10.8,0.0560922076988461
1,10.9,0.0642726218580038
1,11,0.0726095392159092
1,11.1,0.0815579709649701
1,11.2,0.0916263584270174
1,11.3,0.103048824156564
1,11.4,0.116010774229032
1,11.5,0.130564481012286
1,11.6,0.146526234724304
1,11.7,0.16335025536722
1,11.8,0.180020737315484
1,11.9,0.195073093053979
1,12,0.206862469898208
1,12.1,0.214028631724115
1,12.2,0.215888072316461
1,12.3,0.212547035642854
1,12.4,0.204777152189849
1,12.5,0.193764147530656
1,12.6,0.180806802562655
1,12.7,0.167061491748304
1,12.8,0.153408611343922
1,12.9,0.140440779693413
1,13,0.128519529092795
1,13.1,0.117845680773187
1,13.2,0.108512006550078
1,13.3,0.100529913844376
1,13.4,0.0938371743789536
1,13.5,0.0883012181824114
1,13.6,0.0837318192502112
1,13.7,0.079908287233738
1,13.8,0.0766146465972431
1,13.9,0.0736701026641341
1,14,0.0709452336112015
1,14.1,0.068362595797086
1,14.2,0.0658868756427237
1,14.3,0.0635113008721155
1,14.4,0.061245140965306
1,14.5,0.0591044314701382
1,14.6,0.0571061193196784
1,14.7,0.0552649261597815
1,14.8,0.0535920388851062
1,14.9,0.0520948779245736
1,15,0.0507774191949627
1,15.1,0.0496407450566845
1,15.2,0.0486836428459226
1,15.3,0.0479031608522178
1,15.4,0.047295084883082
1,15.5,0.0468543271683388
1,15.6,0.0465752332146866
1,15.7,0.0464518178223541
1,15.8,0.0464779427664375
1,15.9,0.046647447887632
1,16,0.0469542457604613
1,16.1,0.0473923883411063
1,16.2,0.0479561123363249
1,16.3,0.0486398685962504
1,16.4,0.0494383396436995
1,16.5,0.0503464484959554
1,16.6,0.0513593611805635
1,16.7,0.0524724847595289
1,16.8,0.053681462223715
1,16.9,0.0549821652728736
1,17,0.0563706857331669
1,17.1,0.0578433261644517
1,17.2,0.0593965900590743
1,17.3,0.0610271719208996
1,17.4,0.0627319474287673
1,17.5,0.064507963825644
1,17.6,0.0663524306281454
1,17.7,0.068262710716804
1,17.8,0.0702363118424166
1,17.9,0.0722708785656864
1,18,0.0743641846344305
1,18.1,0.0765141257935358
1,18.2,0.0787187130166132
1,18.3,0.0809760661441655
1,18.4,0.0832844079105041
1,18.5,0.0856420583401728
1,18.6,0.0880474294939884
1,18.7,0.0904990205447141
1,18.8,0.0929954131626889
1,18.9,0.0955352671923318
1,19,0.0981173166011821
1,19.1,0.100740365684018
1,19.2,0.103403285505512
1,19.3,0.106105010565826
1,19.4,0.108844535674511
1,19.5,0.111620913018984
1,19.6,0.114433249414751
1,19.7,0.117280703725413
1,19.8,0.120162484441296
1,19.9,0.123077847406308
1,20,0.126026093683363
