"$State []","Freq [GHz]","ECC []"
0,2,-0.770966408807592
0,2.1,-0.657556059554863
0,2.2,-0.735558635942548
0,2.3,-0.853382667257043
0,2.4,-1.00292996531005
0,2.5,-1.18660345354365
0,2.6,-1.40427545400431
0,2.7,-1.65347902534411
0,2.8,-1.93098130587965
0,2.9,-2.2335290613477
0,3,-2.55782937292796
0,3.1,-2.90020708466003
0,3.2,-3.25628441239169
0,3.3,-3.62088677082826
0,3.4,-3.98825624211855
0,3.5,-4.35257247651216
0,3.6,-4.70873442960024
0,3.7,-5.05332909818552
0,3.8,-5.38570625185448
0,3.9,-5.70911145162374
0,4,-6.03193227737244
0,4.1,-6.36932105332738
0,4.2,-6.74584935076966
0,4.3,-7.20066044006638
0,4.4,-7.79857034225333
0,4.5,-8.65633267173946
0,4.6,-10.0133578985917
0,4.7,-12.4651636633033
0,4.8,-18.0596102597927
0,4.9,-41.9038071020052
0,5,62.3861549360189
0,5.1,15.0640940261023
0,5.2,7.7100953981955
0,5.3,4.7844087434181
0,5.4,3.246682910866
0,5.5,2.31919915393848
0,5.6,1.71217949435843
0,5.7,1.29304240421323
0,5.8,0.99260405147985
0,5.9,0.771295698659539
0,6,0.604906001328141
0,6.1,0.47783557261168
0,6.2,0.379616700736844
0,6.3,0.302991021217945
0,6.4,0.242787679916861
0,6.5,0.195238384843744
0,6.6,0.157477422938614
0,6.7,0.127416733662189
0,6.8,0.103422691030016
0,6.9,0.0842336290808907
0,7,0.0688644012074473
0,7.1,0.056538681603972
0,7.2,0.0466401689872954
0,7.3,0.0386768616484647
0,7.4,0.0322544847374087
0,7.5,0.027056398749266
0,7.6,0.0228281535152166
0,7.7,0.0193654225592398
0,7.8,0.0165044474491202
0,7.9,0.0141143962116309
0,8,0.0120912307056394
0,8.1,0.0103528109857207
0,8.2,0.00883505846204252
0,8.3,0.00748906401617138
0,8.4,0.00627905952128315
0,8.5,0.0051811500001835
0,8.6,0.00418258687712593
0,8.7,0.00328110780393813
0,8.8,0.00248350359513806
0,8.9,0.00180233115811583
0,9,0.00125009375755504
0,9.1,0.000831735049811626
0,9.2,0.0005385160884685
0,9.3,0.000347544024230901
0,9.4,0.000228814041156357
0,9.5,0.000155246522214
0,9.6,0.000108509397044657
0,9.7,7.928797712671E-05
0,9.8,6.52165568870376E-05
0,9.9,6.84018280562888E-05
0,10,9.39803558244543E-05
0,10.1,0.000150819300783453
0,10.2,0.000252865606140135
0,10.3,0.000418705013807259
0,10.4,0.000668220296791595
0,10.5,0.00101583474708378
0,10.6,0.00145902052493726
0,10.7,0.00196216461931987
0,10.8,0.00244397957180355
0,10.9,0.0027895081933537
0,11,0.00293069482046484
0,11.1,0.00283876898609082
0,11.2,0.00252222204556588
0,11.3,0.00209513902672943
0,11.4,0.00169004412135942
0,11.5,0.0014048165567916
0,11.6,0.00129913818853388
0,11.7,0.0014280325905127
0,11.8,0.0018931987346597
0,11.9,0.00289591000057864
0,12,0.00471429190436551
0,12.1,0.0074672612172545
0,12.2,0.0106539026175453
0,12.3,0.011679660980547
0,12.4,0.00832636928256388
0,12.5,0.00486973938966064
0,12.6,0.00298992058933106
0,12.7,0.00203328843894812
0,12.8,0.00152549866123807
0,12.9,0.00120179020174631
0,13,0.000998576593982899
0,13.1,0.000857710465873795
0,13.2,0.000753551213215237
0,13.3,0.000672248292839696
0,13.4,0.000605924706842228
0,13.5,0.000549949816444035
0,13.6,0.000501519891123737
0,13.7,0.000458876233463183
0,13.8,0.000420864037912972
0,13.9,0.000386683053338579
0,14,0.0003557475304079
0,14.1,0.000327607653287981
0,14.2,0.000301904877024251
0,14.3,0.00027834569102449
0,14.4,0.000256685388662387
0,14.5,0.000236717373187045
0,14.6,0.000218265653499772
0,14.7,0.000201179290027323
0,14.8,0.000185328117176668
0,14.9,0.000170599357680635
0,15,0.000156894893781346
0,15.1,0.000144129040719899
0,15.2,0.000132226714026315
0,15.3,0.000121121910480252
0,15.4,0.000110756441511337
0,15.5,0.000101078871239868
0,15.6,9.20436213621304E-05
0,15.7,8.36102127586014E-05
0,15.8,7.57426196925958E-05
0,15.9,6.840871718567E-05
0,16,6.15798058933893E-05
0,16.1,5.52302017744061E-05
0,16.2,4.93368802107989E-05
0,16.3,4.38791661256918E-05
0,16.4,3.88384631555612E-05
0,16.5,3.41980161481754E-05
0,16.6,2.99427022349383E-05
0,16.7,2.60588465174349E-05
0,16.8,2.25340590505617E-05
0,16.9,1.9357090329059E-05
0,17,1.65177029142261E-05
0,17.1,1.40065571918487E-05
0,17.2,1.18151095456208E-05
0,17.3,9.9355214742908E-06
0,17.4,8.36057838463675E-06
0,17.5,7.08361696357242E-06
0,17.6,6.0984601770566E-06
0,17.7,5.39935906578542E-06
0,17.8,4.98094061166996E-06
0,17.9,4.8381610379416E-06
0,18,4.96626398188232E-06
0,18.1,5.36074304470571E-06
0,18.2,6.01730827969269E-06
0,18.3,6.93185622870918E-06
0,18.4,8.10044315983805E-06
0,18.5,9.51926119602085E-06
0,18.6,1.11846170570983E-05
0,18.7,1.30929131661582E-05
0,18.8,1.52406308961823E-05
0,18.9,1.76243157551276E-05
0,19,2.02405643271642E-05
0,19.1,2.30860128051798E-05
0,19.2,2.61573269651249E-05
0,19.3,2.94511934465743E-05
0,19.4,3.29643122162238E-05
0,19.5,3.66933901021092E-05
0,19.6,4.06351352962823E-05
0,19.7,4.47862527326559E-05
0,19.8,4.9143440254812E-05
0,19.9,5.37033854959284E-05
0,20,5.84627633995994E-05
1,2,-1.38827387982435
1,2.1,-0.799397320711497
1,2.2,-0.120251783047506
1,2.3,-21.5045462527352
1,2.4,-2.28297923692284
1,2.5,-1.86494839815619
1,2.6,-1.61224576519788
1,2.7,-1.52680455589255
1,2.8,-1.72068902978986
1,2.9,-2.8012997807273
1,3,293.04986316911
1,3.1,2.3442058941749
1,3.2,1.30721641913186
1,3.3,1.22736848532477
1,3.4,3.20016415959137
1,3.5,-0.958335656051867
1,3.6,-0.282715164611343
1,3.7,-0.136497023138042
1,3.8,-0.0813087748636504
1,3.9,-0.0556336391796452
1,4,-0.042456328442163
1,4.1,-0.0355510783587413
1,4.2,-0.0323158260267405
1,4.3,-0.0317017321080116
1,4.4,-0.0335847287975421
1,4.5,-0.0389871143230939
1,4.6,-0.0519888506368752
1,4.7,-0.09447010968877
1,4.8,3.2809179932495
1,4.9,0.0739854417465046
1,5,0.0342417180000463
1,5.1,0.0210119581440853
1,5.2,0.0145008327891434
1,5.3,0.0106787870985226
1,5.4,0.00819630871751835
1,5.5,0.00647494432186832
1,5.6,0.00522603645688101
1,5.7,0.00428968498794577
1,5.8,0.00357024961082157
1,5.9,0.0030070466327782
1,6,0.00255972284126084
1,6.1,0.00220040093652263
1,6.2,0.00190920625385148
1,6.3,0.00167159311410904
1,6.4,0.00147668080626561
1,6.5,0.00131618164473816
1,6.6,0.00118558703661097
1,6.7,0.00107770465947084
1,6.8,0.000988794878022149
1,6.9,0.000915979692886607
1,7,0.000857044639891017
1,7.1,0.000810299520189517
1,7.2,0.000774478302539412
1,7.3,0.000748664019196483
1,7.4,0.000732226886943237
1,7.5,0.00072476386088493
1,7.6,0.000726025656135939
1,7.7,0.00073581348786158
1,7.8,0.00075382434218708
1,7.9,0.000779425898736524
1,8,0.000811360547773754
1,8.1,0.000847420586092498
1,8.2,0.000884178080523192
1,8.3,0.00091678373672488
1,8.4,0.000938554045025832
1,8.5,0.000939863815533499
1,8.6,0.000906777918903193
1,8.7,0.000822176959016826
1,8.8,0.000673263729122092
1,8.9,0.000465680360047312
1,9,0.000237433960846511
1,9.1,5.92337383638767E-05
1,9.2,5.64866122488198E-07
1,9.3,6.12982904571762E-05
1,9.4,0.000142810622922778
1,9.5,0.0001491109268464
1,9.6,9.78350521299055E-05
1,9.7,5.06615785454149E-05
1,9.8,2.84813095672091E-05
1,9.9,2.69478354611326E-05
1,10,4.66411520405844E-05
1,10.1,0.000101554936670892
1,10.2,0.00021629580585429
1,10.3,0.000422494116153544
1,10.4,0.000753151980027902
1,10.5,0.00122809490680453
1,10.6,0.00182470849111083
1,10.7,0.002454637776281
1,10.8,0.00299354688390598
1,10.9,0.00333191530450316
1,11,0.0034120708689659
1,11.1,0.00326433345224232
1,11.2,0.00294674780229557
1,11.3,0.00248761884382171
1,11.4,0.00193246588133159
1,11.5,0.00133757778344117
1,11.6,0.00078387872229551
1,11.7,0.000398022701139354
1,11.8,0.000348241534567531
1,11.9,0.000763958737047885
1,12,0.00158454945386866
1,12.1,0.00250375200313987
1,12.2,0.00316586020636887
1,12.3,0.00342229798463498
1,12.4,0.00335772489665843
1,12.5,0.00314077386576056
1,12.6,0.00290511942882619
1,12.7,0.0027204643441198
1,12.8,0.00260871308146376
1,12.9,0.00256487047481493
1,13,0.00256999834678433
1,13.1,0.00259763277517102
1,13.2,0.00261797590407385
1,13.3,0.00260278028446988
1,13.4,0.00253123821034543
1,13.5,0.00239491767071481
1,13.6,0.00219924413297395
1,13.7,0.00196062588533568
1,13.8,0.0017007074219992
1,13.9,0.00144045584245352
1,14,0.00119618125695703
1,14.1,0.000978085619082751
1,14.2,0.000790744437682627
1,14.3,0.000634535147627819
1,14.4,0.00050721618121422
1,14.5,0.000405231197046294
1,14.6,0.000324612917533658
1,14.7,0.000261524668419283
1,14.8,0.000212534840112889
1,14.9,0.000174719222920214
1,15,0.000145664567987652
1,15.1,0.000123422670546489
1,15.2,0.000106444929346915
1,15.3,9.35139626460787E-05
1,15.4,8.3680464401841E-05
1,15.5,7.620860185336E-05
1,15.6,7.0530626621957E-05
1,15.7,6.62100907506688E-05
1,15.8,6.29125378731175E-05
1,15.9,6.03824191612179E-05
1,16,5.84250562784211E-05
1,16.1,5.68926249735854E-05
1,16.2,5.56733037952239E-05
1,16.3,5.46828943037777E-05
1,16.4,5.38583605253695E-05
1,16.5,5.31528532716768E-05
1,16.6,5.25318804912895E-05
1,16.7,5.19703608312819E-05
1,16.8,5.14503573186632E-05
1,16.9,5.09593346129371E-05
1,17,5.04888193374762E-05
1,17.1,5.00333708227127E-05
1,17.2,4.9589791012811E-05
1,17.3,4.91565187486321E-05
1,17.4,4.8733166280015E-05
1,17.5,4.83201655634046E-05
1,17.6,4.79184993497648E-05
1,17.7,4.75294977883726E-05
1,17.8,4.71546856682774E-05
1,17.9,4.67956688003489E-05
1,18,4.6454050645851E-05
1,18.1,4.61313723036898E-05
1,18.2,4.5829070516552E-05
1,18.3,4.55484495522833E-05
1,18.4,4.52906637423194E-05
1,18.5,4.50567081759974E-05
1,18.6,4.48474156059322E-05
1,18.7,4.46634580519476E-05
1,18.8,4.45053519274408E-05
1,18.9,4.43734657741959E-05
1,19,4.42680298962041E-05
1,19.1,4.41891473428603E-05
1,19.2,4.4136805816889E-05
1,19.3,4.41108901802353E-05
1,19.4,4.41111953078266E-05
1,19.5,4.41374390992405E-05
1,19.6,4.41892755054471E-05
1,19.7,4.42663074647628E-05
1,19.8,4.43680996711053E-05
1,19.9,4.44941911203117E-05
1,20,4.46441073979667E-05
