"$State []","Freq [GHz]","dB(St(1,1)) []","dB(St(2,2)) []","dB(St(3,3)) []","dB(St(4,4)) []","dB(St(5,5)) []","dB(St(6,6)) []","dB(St(7,7)) []","dB(St(8,8)) []"
1,2,-8.31346524508713,-10.1335959395964,3.01204739380341,-5.25472149655318,-4.20784390774708,-2.86793687522493,-7.85713499052158,-11.7939972012904
1,2.1,-8.75993800918735,-10.4157022231675,3.52141320298012,-5.69562491221364,-4.1878631826136,-3.44437781057053,-8.51336824720935,-12.8583563124684
1,2.2,-9.27520724654409,-10.8740501170934,3.84571361223548,-5.92881668495186,-4.28878457943759,-3.70079886952623,-8.93385496950998,-13.6365495956129
1,2.3,-9.74690003398099,-11.4106824994044,4.08215455224262,-6.03277997303911,-4.48642042655953,-3.75749477823191,-9.09517144082811,-14.0628250549088
1,2.4,-10.1535205800195,-11.9788597375501,4.29996510486564,-6.06285573532987,-4.73532979080404,-3.73009842235957,-9.12461625141461,-14.2491615057666
1,2.5,-10.5548511809095,-12.5585805238655,4.53356126109511,-6.06022155796873,-4.99832560000888,-3.68697486566602,-9.12107471976372,-14.3044615528864
1,2.6,-10.979558326894,-13.1433863501781,4.79422275070548,-6.04923308443611,-5.25766612254182,-3.65948595635156,-9.12571307291837,-14.3006273691886
1,2.7,-11.4330401216379,-13.733541292188,5.08107850809518,-6.04085095493859,-5.50947508214809,-3.65848473863346,-9.14908820722935,-14.2750399489863
1,2.8,-11.9166018446398,-14.3321728897206,5.38862017836885,-6.03971854332291,-5.75485271407645,-3.6852408003728,-9.19122882761381,-14.2391757700723
1,2.9,-12.4308950624472,-14.9424462619214,5.71063773760562,-6.04808680068847,-5.99507350414901,-3.73718201620418,-9.25006349948498,-14.1904971014065
1,3,-12.9755197127254,-15.5645907664136,6.04164949259668,-6.067349820831,-6.23008455536247,-3.81056377185039,-9.32419303470045,-14.1209908442527
1,3.1,-13.5476610375775,-16.1920014431241,6.37703164316737,-6.09872169443438,-6.45833041698711,-3.90158744125928,-9.4136236595026,-14.0215342678825
1,3.2,-14.1399287276309,-16.8061694717219,6.71266211455222,-6.14364397904168,-6.67691855541995,-4.00680150840051,-9.51989316447366,-13.8843433639155
1,3.3,-14.7372025042894,-17.371418987838,7.04448126537657,-6.2040850191915,-6.8818156254223,-4.12319256292391,-9.64606988432703,-13.7048735636484
1,3.4,-15.3126155966902,-17.8327616746116,7.36811803385489,-6.28277051099651,-7.06803983297787,-4.24815355744777,-9.79676043185227,-13.4833428133733
1,3.5,-15.8240090608293,-18.1226615548581,7.67861870525982,-6.38334996686209,-7.22991367279464,-4.37941235471052,-9.97814521714998,-13.2254785793779
1,3.6,-16.2145535255312,-18.1808260605179,7.97028588983783,-6.51048775710179,-7.36147369152217,-4.51495647652442,-10.1980196178002,-12.9421031814877
1,3.7,-16.4231982603692,-17.9805272090483,8.23664023093823,-6.66985535041782,-7.45712472761949,-4.65296969470753,-10.4658017636545,-12.6475733699267
1,3.8,-16.4068130475613,-17.5430493018803,8.47052932345631,-6.86799339100404,-7.51256521764689,-4.79178794556456,-10.7924617397432,-12.3575560411252
1,3.9,-16.1631675181095,-16.9282169847813,8.66441156181497,-7.11201350525465,-7.52588771765986,-4.92987892163193,-11.1903332332102,-12.0868320313052
1,4,-15.7356805568135,-16.2105036247411,8.8108271234352,-7.40912687272384,-7.49859967076696,-5.06584798798909,-11.6727949803656,-11.847680483808
1,4.1,-15.1949798676334,-15.4585261410142,8.90302969537192,-7.76602349889797,-7.43619415250801,-5.19847075105675,-12.2538627142304,-11.6490612756733
1,4.2,-14.6133090439621,-14.725421834478,8.93569690154038,-8.18817796797607,-7.34793599162972,-5.32674858864375,-12.9478107210223,-11.4965028203593
1,4.3,-14.0481101976036,-14.0474115109147,8.9055849505705,-8.67920659896919,-7.24576212062329,-5.44997767649807,-13.7690292625099,-11.392441656248
1,4.4,-13.5375455642891,-13.4459406238864,8.81197341728566,-9.24042090557288,-7.14253732522479,-5.56781582300152,-14.7323952171399,-11.3367504078298
1,4.5,-13.1028653263203,-12.9307433487633,8.65678135807164,-9.87069257224425,-7.05016758372724,-5.6803273904727,-15.8544784748331,-11.3272695049161
1,4.6,-12.7528276083301,-12.502888566066,8.44432129659422,-10.5666688285048,-6.97810157225724,-5.78798778202863,-17.1559650760567,-11.3602585821269
1,4.7,-12.4878767519905,-12.1575539049687,8.1807578792505,-11.323284766787,-6.93254860400414,-5.89163701054153,-18.665868619779,-11.4307626425216
1,4.8,-12.3034228586744,-11.8864097586464,7.87340832475563,-12.1344518351986,-6.91644571373408,-5.99238516837291,-20.4286559353644,-11.5329292085294
1,4.9,-12.1922103042936,-11.6795125365389,7.53003644187428,-12.9937848941278,-6.92997546455569,-6.09148638019802,-22.5167486552457,-11.660317912963
1,5,-12.1459316242079,-11.5266601079383,7.15825703047388,-13.8952608013456,-6.97134791638656,-6.19020631116824,-25.053471555852,-11.8062254983438
1,5.1,-12.1562593985965,-11.4182432641882,6.76510982215206,-14.8337562419144,-7.03759786552865,-6.28970817015175,-28.2513209273776,-11.9640223858577
1,5.2,-12.2154503498216,-11.3456904966146,6.35680901305545,-15.8054663096483,-7.12524586646711,-6.3909742907943,-32.3826304766366,-12.1274751992857
1,5.3,-12.3166511420373,-11.3016282590038,5.93864050487974,-16.8082439668174,-7.23076777007933,-6.49476899248759,-36.3227402369935,-12.2910206518401
1,5.4,-12.4540090538512,-11.2798701656053,5.51496547742121,-17.8419226408519,-7.35088214723338,-6.60163826957346,-34.6960093766614,-12.4499610317508
1,5.5,-12.622664836279,-11.2753214382244,5.08928984378856,-18.9086969495751,-7.48269500761954,-6.71193584386438,-31.0237147117381,-12.60056581958
1,5.6,-12.8186819730721,-11.2838530567871,4.66436720362005,-20.0136508337198,-7.62374693850183,-6.82586364255852,-28.2440923068394,-12.7400811182325
1,5.7,-13.038947829878,-11.3021725057581,4.24231271903599,-21.1655521039319,-7.77200115329341,-6.94351651678178,-26.2096616194757,-12.8666627527219
1,5.8,-13.2810682352696,-11.3276996015052,3.82471399457145,-22.3780987191085,-7.92580048166771,-7.06492420464184,-24.6595299192691,-12.9792568959861
1,5.9,-13.5432673909678,-11.3584476976479,3.41273152341493,-23.6719463995919,-8.08381152587086,-7.19008676135206,-23.4339321328377,-13.0774535452551
1,6,-13.8242987428798,-11.392910059079,3.00718558684164,-25.0781654169856,-8.24496667906829,-7.31900218695747,-22.4364762691103,-13.1613347258668
1,6.1,-14.1233685857149,-11.429953779463,2.60862909975683,-26.6445169408435,-8.40840957635463,-7.45168659233389,-21.6060726307422,-13.2313332905084
1,6.2,-14.4400718828213,-11.4687253460558,2.21740729130435,-28.4478416985536,-8.57344636884217,-7.58818808349792,-20.9020130215263,-13.2881117254604
1,6.3,-14.7743384055266,-11.5085713550356,1.8337057254204,-30.6214202915253,-8.73950341282194,-7.72859584954004,-20.295983036904,-13.332464857471
1,6.4,-15.1263863387737,-11.5489756841942,1.45758831468639,-33.4257983867741,-8.90609107449264,-7.87304593744608,-19.7675768271833,-13.365246383989
1,6.5,-15.4966795705836,-11.5895120863362,1.0890268674692,-37.4829119457576,-9.07277302498002,-8.02172505740454,-19.3016495719424,-13.3873167549922
1,6.6,-15.8858836218497,-11.6298096393979,0.727923456384992,-44.9341818910233,-9.23914041744115,-8.17487359257279,-18.8866837659184,-13.3995088288974
1,6.7,-16.2948131721696,-11.6695279702802,0.374126570440867,-48.3487520368812,-9.40479056062553,-8.33278884540684,-18.51374294878,-13.4026075188464
1,6.8,-16.7243608458635,-11.7083393782105,0.0274416381726945,-38.8003068200429,-9.5693100473202,-8.49582946036291,-18.1757818082569,-13.3973399806074
1,6.9,-17.1753915273603,-11.7459155374693,-0.312363920335474,-34.0271188789544,-9.73226270507464,-8.66442191464209,-17.86718216745,-13.3843734998567
1,7,-17.6485777619812,-11.7819170751155,-0.645561468200705,-30.8374005601674,-9.89318316392814,-8.83906993137968,-17.5834386829603,-13.3643189444275
1,7.1,-18.144138038246,-11.8159848524571,-0.9724687617828,-28.401800358599,-10.0515772383731,-9.02036756806659,-17.3209487972159,-13.3377383730205
1,7.2,-18.6614188192361,-11.8477321877452,-1.29346628380207,-26.399555851901,-10.2069306669881,-9.2090164150467,-17.0768796651678,-13.3051561228567
1,7.3,-19.1982315648806,-11.8767375553848,-1.60902542360802,-24.6735240361846,-10.3587280520888,-9.40584650644523,-16.8490960085522,-13.2670734807398
1,7.4,-19.7498202908237,-11.9025375192458,-1.91975341309599,-23.1348627808029,-10.5064841959592,-9.61183862778976,-16.6361400137997,-13.2239879791873
1,7.5,-20.3073103224824,-11.9246198458306,-2.22646252931803,-21.7281946858238,-10.6497907107572,-9.82814164476968,-16.4372588656816,-13.1764196259353
1,7.6,-20.8555295934565,-11.9424169412213,-2.53027485059471,-20.4164614358204,-10.7883823101048,-10.0560704277065,-16.2524776977591,-13.1249482352716
1,7.7,-21.3703337945468,-11.9553000159349,-2.83277919262807,-19.1735573226022,-10.922230421442,-10.2970549705256,-16.0827151525869,-13.0702688417343
1,7.8,-21.8162413239937,-11.9625747767204,-3.13626395311368,-17.9805192921737,-11.0516778932337,-10.5524856092258,-15.9299337735463,-13.0132762967527
1,7.9,-22.1464603649726,-11.9634800904081,-3.44405772974203,-16.8235798222438,-11.1776390774064,-10.8233605722506,-15.7973047922465,-12.9551954579226
1,8,-22.308658937677,-11.9571921648631,-3.7610150235818,-15.6933679250635,-11.3019056953053,-11.1095982035317,-15.6893404196869,-12.8977776639213
1,8.1,-22.2587388336246,-11.9428387141881,-4.094174992178,-14.5849811868809,-11.4276198280824,-11.4088658699997,-15.6118955246731,-12.8435785233804
1,8.2,-21.9789365584554,-11.9195310032496,-4.45356360338228,-13.4988660345439,-11.5599919055863,-11.7149043068769,-15.5718448203578,-12.7962902573435
1,8.3,-21.4895649733665,-11.8864278752498,-4.85292085080777,-12.4425129480576,-11.707316882998,-12.0157626429644,-15.5760654237225,-12.760966080575
1,8.4,-20.8459673843204,-11.8428571887975,-5.30963524942106,-11.432840612408,-11.8821613753568,-12.2931803572835,-15.629036206187,-12.7436757646765
1,8.5,-20.123969817803,-11.7885405247567,-5.84205364909261,-10.4986412174135,-12.1019708202623,-12.5250590906799,-15.7278355518256,-12.7497945669996
1,8.6,-19.4032720542882,-11.7240021563271,-6.46042212868095,-9.68146236580369,-12.3867960997966,-12.6922311118283,-15.8527284576333,-12.78057401595
1,8.7,-18.7528769268014,-11.6512953546548,-7.1463715984741,-9.0322960023925,-12.7494853542338,-12.7879368080338,-15.95238015613,-12.8301222805511
1,8.8,-18.2174237406514,-11.5752208623852,-7.82227827446266,-8.60236179491621,-13.1745832118992,-12.8263730693244,-15.9308958764715,-12.8875103798481
1,8.9,-17.8072259329845,-11.5050902234996,-8.3411433765481,-8.43131318375845,-13.5969721136491,-12.8492250641865,-15.6677122220851,-12.9448770370681
1,9,-17.5008966969886,-11.4562788566895,-8.56392056680395,-8.5416667290144,-13.9158517993229,-12.9330690741716,-15.1109223855628,-13.0043502480754
1,9.1,-17.2638065737341,-11.4483531518955,-8.51222492785149,-8.93908481288253,-14.0575720744882,-13.1949282984161,-14.3810601858751,-13.0779001770501
1,9.2,-17.071485777439,-11.4935248019771,-8.405074946086,-9.58104233453522,-14.0222308422098,-13.7722107288698,-13.7127139442999,-13.1823051563784
1,9.3,-16.9234509935496,-11.5762645243938,-8.49525789028643,-10.2875528537257,-13.8609220636862,-14.7466261008667,-13.2695408504859,-13.3324925447971
1,9.4,-16.8429969081407,-11.6502509372237,-8.88423095633652,-10.8081026546144,-13.6281692140069,-16.0544646127414,-13.0639296300634,-13.5321953480047
1,9.5,-16.8676337407648,-11.6735135789346,-9.48569736544332,-11.0992946648474,-13.3589314293505,-17.497493627921,-13.0193028439786,-13.7604179776865
1,9.6,-17.0359840113899,-11.6405788607852,-10.1342558105214,-11.2744671413165,-13.0679876003762,-18.8537249328415,-13.0487933898831,-13.9611486804938
1,9.7,-17.3749317865713,-11.574388241579,-10.6999079781716,-11.4094191964506,-12.7556835598039,-19.9697174006863,-13.0882097015013,-14.056740721145
1,9.8,-17.8900212908149,-11.5035426443983,-11.1242310334045,-11.5234639716703,-12.4143956797519,-20.7818716360104,-13.0979684183163,-13.9923568334017
1,9.9,-18.5612108046761,-11.4504899812284,-11.4024475844539,-11.6143248769864,-12.038709089622,-21.2928580530713,-13.0562889512076,-13.7714321009437
1,10,-19.3427803128962,-11.4295253578266,-11.5550475783311,-11.6761606100272,-11.6410345466308,-21.539896700883,-12.9528583215106,-13.4417299982241
1,10.1,-20.1623710451375,-11.4477865682719,-11.6084130670577,-11.7047819779751,-11.2590271635599,-21.574135640041,-12.78465975792,-13.0566520301831
1,10.2,-20.9151725002987,-11.5062661833563,-11.585915922843,-11.698433188858,-10.9362127514335,-21.4515677708547,-12.5535401054649,-12.6530497330766
1,10.3,-21.4611722057436,-11.6003073726894,-11.5053908380421,-11.6574600653775,-10.6937642996437,-21.2283480483187,-12.2648952048389,-12.2499672625831
1,10.4,-21.6547851875409,-11.7195887850612,-11.3793236453597,-11.5838388506845,-10.527082329737,-20.9560875390084,-11.9270406532212,-11.8550185083774
1,10.5,-21.4264329192134,-11.8475155631088,-11.2157390188813,-11.4807936658154,-10.420858201147,-20.6772665413117,-11.5509977792882,-11.4702164280792
1,10.6,-20.8483244508136,-11.959970588113,-11.0189349449157,-11.352526858123,-10.3606034599013,-20.4224471309716,-11.150499658033,-11.0954978062054
1,10.7,-20.0896355717569,-12.0240964722761,-10.7897605216985,-11.2040390071613,-10.3358520063434,-20.2100377863708,-10.7420219077491,-10.7304937322915
1,10.8,-19.311969367426,-11.9998644400507,-10.5252971668976,-11.0410079020396,-10.3394948544471,-20.0481015994289,-10.3445942835042,-10.3753132889023
1,10.9,-18.6129184792987,-11.850545406391,-10.2177524675293,-10.8696961885776,-10.3664999362614,-19.9371519330227,-9.97909828440873,-10.0308435083528
1,11,-18.0292737296607,-11.567934493247,-9.85216327179271,-10.6968581167138,-10.4130020420862,-19.8729909698948,-9.66678619995509,-9.69883016784374
1,11.1,-17.276052019773,-11.3114468678416,-9.74848135389424,-10.5570948220715,-10.4155914096854,-20.1606449482714,-9.40089279390373,-9.39486735781177
1,11.2,-16.6729975871115,-11.1514259985721,-9.76101133237706,-10.4774474482542,-10.412833694625,-20.5780859208511,-9.22557678647163,-9.16142196433074
1,11.3,-16.2752365494393,-11.0983899741698,-9.89887085065941,-10.4732857565207,-10.3745945201985,-20.8982827513396,-9.15637312886545,-9.00128950808474
1,11.4,-16.10271870116,-11.1234667751736,-10.1679547582902,-10.5490035466427,-10.2734234567719,-20.7556827552242,-9.19321389346916,-8.90986180068478
1,11.5,-16.1283583660162,-11.1583818404456,-10.5624486936162,-10.6832623610271,-10.0966325908836,-19.8796357330312,-9.31114895043598,-8.87554434212315
1,11.6,-16.2744770660632,-11.1170585609007,-11.0334205947772,-10.8095067584855,-9.85427240872729,-18.384527586596,-9.45512627514177,-8.88097384494432
1,11.7,-16.4179056889666,-10.9369426201568,-11.4481489461179,-10.8211350422451,-9.56247657754337,-16.6163895500014,-9.54384095859271,-8.90387630857672
1,11.8,-16.4660935183214,-10.623056907012,-11.6047845741405,-10.6775621422578,-9.19992694545425,-14.8541662933989,-9.49122133470528,-8.91512810018966
1,11.9,-16.5233623144284,-10.2628232341941,-11.4242557627824,-10.5614673004558,-8.82411367305508,-13.2916488470596,-9.25656062837429,-8.88316036594946
1,12,-16.7401885334041,-9.98425901441349,-11.0944837057972,-10.6995779033264,-8.6181491945038,-12.1855565468897,-8.91768936242621,-8.87035575900734
1,12.1,-16.9468030893861,-9.81197938248787,-10.8206009291676,-10.87258208224,-8.52928336510298,-11.6413300020075,-8.6636807473954,-8.77119680103367
1,12.2,-17.1166024549413,-9.76854874866401,-10.6482353141249,-11.0451924991366,-8.46489514581827,-11.3357375018579,-8.54132650741462,-8.60177196360922
1,12.3,-17.2169618620754,-9.85659589480895,-10.4920941396323,-11.2395852871696,-8.46544677698877,-11.1440083790689,-8.5802494012839,-8.452874916923
1,12.4,-17.1765335561688,-10.0345907317005,-10.3283132791503,-11.392855654384,-8.57236660554173,-11.057241874118,-8.84203659966525,-8.47324724456271
1,12.5,-16.9884667489262,-10.2793409823782,-10.2092215637658,-11.477663605903,-8.80046302181969,-11.0590173902338,-9.29622622229757,-8.77796760291408
1,12.6,-16.7019970205954,-10.5762670896815,-10.178195692347,-11.5005973440635,-9.11253772172417,-11.1252416054465,-9.8288568759745,-9.3164567514334
1,12.7,-16.3861348457126,-10.9012606744711,-10.2404851908046,-11.4820432622235,-9.4508956753599,-11.2334388142305,-10.3432704103748,-9.92512117685986
1,12.8,-16.0968242384525,-11.2283051277715,-10.3790443320498,-11.4421636698763,-9.77651666554569,-11.3664952023183,-10.7978104226884,-10.4895054005214
1,12.9,-15.8642921331491,-11.5407997563159,-10.571926949901,-11.3952206516496,-10.0745009377138,-11.5128193349951,-11.1873620218399,-10.9737433313485
1,13,-15.6967816250217,-11.8316699685839,-10.8001287383075,-11.349275529008,-10.3433628588855,-11.6650773242017,-11.5211358168859,-11.381183666196
1,13.1,-15.5896007221468,-12.0993001315356,-11.0493451227315,-11.3079028954466,-10.586352784809,-11.8187215258857,-11.8111279727511,-11.7262626738479
1,13.2,-15.5327060676186,-12.3444999464806,-11.3094359227488,-11.2720208522714,-10.8075062528194,-11.9708462885727,-12.0679401003779,-12.0233530702466
1,13.3,-15.5151749019312,-12.5689671919385,-11.5733943399462,-11.2412124981045,-11.0103592135903,-12.1194759907616,-12.2998345330343,-12.2838752371973
1,13.4,-15.527233496534,-12.7746133227296,-11.836422733322,-11.214520400327,-11.1977132915572,-12.2631874666974,-12.512907828776,-12.5162476453233
1,13.5,-15.5608814040169,-12.963290092527,-12.0952398862044,-11.190867144751,-11.3717230392604,-12.4009285069239,-12.7115389413838,-12.7265243695349
1,13.6,-15.6098619169183,-13.1366899005218,-12.3475962250564,-11.1692509996545,-11.5340436593576,-12.5319292596032,-12.8988269829014,-12.9190439703484
1,13.7,-15.6693950247206,-13.2963194843901,-12.5919441269123,-11.1488197608526,-11.6859619795398,-12.6556500073316,-13.0769442772146,-13.096934846552
1,13.8,-15.7358674793578,-13.4435037506737,-12.8272161390858,-11.1288843542972,-11.8284960953241,-12.7717412368855,-13.2474011300826,-13.2624766286739
1,13.9,-15.806555965933,-13.5794011025377,-13.0526762122707,-11.108905892649,-11.962467151094,-12.8800084357267,-13.4112380749062,-13.4173509430923
1,14,-15.8794041602602,-13.7050221888938,-13.2678198617859,-11.0884733883045,-12.0885501287322,-12.9803804543307,-13.5691634116692,-13.5628141624572
1,14.1,-15.9528520583663,-13.8212486203567,-13.472307088366,-11.0672802656942,-12.2073097507125,-13.0728818962418,-13.7216509976045,-13.6998168560842
1,14.2,-16.0257087382085,-13.9288502581389,-13.6659172977396,-11.0451031059702,-12.3192260655696,-13.1576099107465,-13.8690096548161,-13.8290871492379
1,14.3,-16.0970587819684,-14.0285006105795,-13.8485190486972,-11.0217837374604,-12.4247129196134,-13.2347153221826,-14.0114324651504,-13.9511895947367
1,14.4,-16.1661938731547,-14.1207902867612,-14.020049820203,-10.9972147213285,-12.524131504757,-13.304387687,-14.1490318510951,-14.066567301781
1,14.5,-16.2325628714122,-14.2062386332498,-14.180502540995,-10.971327851681,-12.6178004670272,-13.3668437017846,-14.2818646122044,-14.1755724946126
1,14.6,-16.2957353209913,-14.2853037449837,-14.329916653218,-10.9440851639284,-12.7060035831478,-13.4223183522001,-14.4099498541896,-14.2784889771628
1,14.7,-16.3553746854659,-14.3583910544664,-14.4683721697374,-10.9154719559441,-12.7889956929809,-13.4710582374247,-14.533281878659,-14.3755488613022
1,14.8,-16.4112186176277,-14.4258606933774,-14.5959856520269,-10.8854913899561,-12.8670073617331,-13.5133165839268,-14.6518394908653,-14.4669451748566
1,14.9,-16.4630643221284,-14.4880338014204,-14.7129073584079,-10.8541603197085,-12.9402486020878,-13.5493495499062,-14.7655927539864,-14.5528414699518
1,15,-16.5107576108542,-14.5451979354002,-14.8193190400078,-10.8215060600587,-13.008911889114,-13.5794135037178,-14.8745079168651,-14.6333792176711
1,15.1,-16.5541846408791,-14.5976117102627,-14.9154320255961,-10.7875638785165,-13.0731746343155,-13.6037630303181,-14.9785510295187,-14.7086835467307
1,15.2,-16.5932656043411,-14.6455087844935,-15.0014853566297,-10.7523750390299,-13.1332012393008,-13.6226494778496,-15.0776906104602,-14.7788677264488
1,15.3,-16.6279498401314,-14.6891012852938,-15.0777438233683,-10.7159852684789,-13.1891448175351,-13.6363199026793,-15.1718996234184,-14.8440366845734
1,15.4,-16.658211981643,-14.7285827543449,-15.1444958201125,-10.6784435474706,-13.2411486500489,-13.6450163071604,-15.2611569455077,-14.9042897733107
1,15.5,-16.684048859228,-14.7641306825684,-15.202050987881,-10.639801150889,-13.2893474248546,-13.6489750919316,-15.3454484552608,-14.9597229420419
1,15.6,-16.7054769519592,-14.7959086918228,-15.25073764977,-10.6001108817705,-13.3338682981857,-13.6484266654139,-15.4247678308934,-15.0104304359123
1,15.7,-16.7225302388582,-14.824068412693,-15.2909000703213,-10.5594264557816,-13.3748318071777,-13.643595168778,-15.4991171222652,-15.0565061110943
1,15.8,-16.7352583406752,-14.8487511001653,-15.3228955873536,-10.5178020038906,-13.4123526573334,-13.6346982862563,-15.5685071410903,-15.0980444368906
1,15.9,-16.7437248735747,-14.8700890228144,-15.3470916744199,-10.4752916685854,-13.4465404034292,-13.6219471192038,-15.6329577007861,-15.1351412397251
1,16,-16.7480059585827,-14.8882066559677,-15.3638629957012,-10.4319492748148,-13.4775000389807,-13.605546108542,-15.6924977283273,-15.1678942329263
1,16.1,-16.7481888473854,-14.9032217049774,-15.3735885139873,-10.3878280612082,-13.5053325066801,-13.5856929947157,-15.7471652644241,-15.1964033679231
1,16.2,-16.7443706375171,-14.915245981091,-15.3766487076003,-10.3429804604127,-13.5301351401308,-13.5625788075038,-15.7970073644251,-15.2207710362614
1,16.3,-16.7366570591741,-14.924386149345,-15.3734229447721,-10.2974579198618,-13.5520020455714,-13.5363878802855,-15.8420799099368,-15.2411021471378
1,16.4,-16.7251613226273,-14.9307443653106,-15.3642870550628,-10.2513107561557,-13.5710244309923,-13.5072978849334,-15.8824473397856,-15.2575041015138
1,16.5,-16.7100030200482,-14.9344188153215,-15.3496111277525,-10.2045880376378,-13.5872908890156,-13.4754798845657,-15.9181823082896,-15.2700866810262
1,16.6,-16.6913070789517,-14.9355041729388,-15.3297575574496,-10.1573374908283,-13.6008876390734,-13.4410984020967,-15.949365278597,-15.2789618676175
1,16.7,-16.6692027667212,-14.9340919828058,-15.3050793479732,-10.1096054271864,-13.611898733734,-13.4043115029762,-15.9760840588952,-15.2842436079201
1,16.8,-16.6438227470878,-14.9302709816624,-15.2759186772863,-10.0614366873018,-13.6204062334579,-13.3652708907836,-15.9984332894621,-15.2860475348222
1,16.9,-16.6153021901845,-14.9241273651029,-15.2426057191167,-10.0128746001004,-13.6264903535849,-13.3241220145074,-16.0165138887161,-15.2844906572407
1,17,-16.5837779380615,-14.91574500762,-15.2054577110441,-9.9639609550279,-13.6302295869472,-13.281004186422,-16.0304324665504,-15.2796910278664
1,17.1,-16.5493877274565,-14.9052056425806,-15.1647782542737,-9.91473598547403,-13.6317008051502,-13.2360507095193,-16.0403007132754,-15.2717673975034
1,17.2,-16.5122694712786,-14.8925890079807,-15.1208568270086,-9.86523836193875,-13.6309793412556,-13.1893890134661,-16.0462347723954,-15.2608388635509
1,17.3,-16.4725605997726,-14.8779729631355,-15.0739684911715,-9.81550519363786,-13.6281390563291,-13.1411407980664,-16.0483546052254,-15.2470245191838
1,17.4,-16.4303974617418,-14.8614335808374,-15.0243737710656,-9.76557203740386,-13.6232523920729,-13.0914221832127,-16.0467833549882,-15.2304431088467
1,17.5,-16.3859147855954,-14.8430452189696,-14.9723186822501,-9.71547291287254,-13.6163904115437,-13.04034386432,-16.0416467175525,-15.2112126947989
1,17.6,-16.3392451993679,-14.8228805750745,-14.9180348892722,-9.66524032305956,-13.6076228297595,-12.9880112722545,-16.0330723253794,-15.1894503386197
1,17.7,-16.2905188082864,-14.801010726938,-14.8617399717884,-9.61490527952902,-13.5970180358148,-12.934524736795,-16.0211891505725,-15.1652718008234
1,17.8,-16.2398628279423,-14.777505161864,-14.8036377798838,-9.56449733144185,-13.584643107961,-12.879979652699,-16.0061269321873,-15.1387912610215
1,17.9,-16.187401270676,-14.752431796959,-14.7439188609272,-9.51404459784726,-13.5705638229515,-12.8244666474924,-15.988015632183,-15.11012106043
1,18,-16.1332546824191,-14.72585699244,-14.6827609419838,-9.46357380264771,-13.5548446608115,-12.768071750146,-15.9669849236088,-15.0793714679367
1,18.1,-16.0775399269458,-14.6978455596918,-14.6203294535512,-9.41311031172866,-13.5375488060606,-12.710876559866,-15.9431637138339,-15.0466504704255
1,18.2,-16.0203700142836,-14.6684607655552,-14.5567780821256,-9.36267817179853,-13.5187381462966,-12.6529584142769,-15.9166797048713,-15.0120635876009
1,18.3,-15.9618539698958,-14.6377643340977,-14.4922493407916,-9.31230015053426,-13.4984732689337,-12.594390556345,-15.8876589921294,-14.9757137111637
1,18.4,-15.9020967411871,-14.6058164469229,-14.4268751486201,-9.26199777767257,-13.4768134567891,-12.53524229945,-15.8562257022596,-14.9377009678544
1,18.5,-15.841199137879,-14.572675742894,-14.3607774111338,-9.21179138672842,-13.453816683114,-12.4755791900778,-15.822501670168,-14.8981226056045
1,18.6,-15.7792578028492,-14.5383993179924,-14.2940685954461,-9.16170015705937,-13.4295396065795,-12.4154631676706,-15.7866061547227,-14.8570729018144
1,18.7,-15.7163652101266,-14.5030427258889,-14.2268522948808,-9.11174215602868,-13.4040375666475,-12.3549527212298,-15.7486555922313,-14.8146430925985
1,18.8,-15.6526096868568,-14.4666599796897,-14.1592237789528,-9.06193438105141,-13.3773645796838,-12.2941030423279,-15.7087633863709,-14.7709213217088
1,18.9,-15.5880754562133,-14.4293035552054,-14.091270525518,-9.01229280133549,-13.3495733361067,-12.2329661742393,-15.6670397329359,-14.7259926077591
1,19,-15.522842698406,-14.3910243960049,-14.023072732711,-8.96283239915611,-13.3207151988027,-12.1715911569521,-15.62359147752,-14.6799388283119
1,19.1,-15.4569876271276,-14.3518719204329,-13.9547038089763,-8.91356721052439,-13.2908402029897,-12.1100241678715,-15.5785220040618,-14.6328387193696
1,19.2,-15.3905825789798,-14.3118940307019,-13.8862308400793,-8.86451036513282,-13.2599970576607,-12.0483086580703,-15.5319311520556,-14.5847678888055
1,19.3,-15.3236961136246,-14.2711371241139,-13.8177150324713,-8.81567412547872,-13.2282331486971,-11.9864854839809,-15.4839151601534,-14.5357988422995
1,19.4,-15.2563931226049,-14.229646106415,-13.7492121327775,-8.76706992508396,-13.1955945437075,-11.9245930344614,-15.434566633853,-14.4860010203735
1,19.5,-15.188734944981,-14.1874644072501,-13.6807728235064,-8.71870840574472,-13.1621259986128,-11.8626673532006,-15.3839745349763,-14.4354408451863
1,19.6,-15.1207794881169,-14.1446339976484,-13.6124430953331,-8.67059945375836,-13.1278709659725,-11.8007422564549,-15.3322241906858,-14.3841817758
1,19.7,-15.0525813521382,-14.1011954094472,-13.5442645965153,-8.62275223508694,-13.092871605024,-11.738849446138,-15.2793973198529,-14.3322843707135
1,19.8,-14.9841919567513,-14.05718775654,-13.4762749601551,-8.57517522942753,-13.0571687933852,-11.6770186183049,-15.225572074685,-14.279806356528
1,19.9,-14.9156596692785,-14.0126487578196,-13.4085081101315,-8.52787626316883,-13.0208021403574,-11.6152775670904,-15.1708230956256,-14.2268027016958
1,20,-14.8470299329143,-13.9676147616757,-13.3409945466146,-8.48086254122243,-12.9838100017484,-11.5536522841824,-15.115221577657,-14.1733256943836
