"$State []","Freq [GHz]","dB(St(2,1)) []","dB(St(3,1)) []","dB(St(4,1)) []","dB(St(5,1)) []","dB(St(6,1)) []","dB(St(7,1)) []","dB(St(8,1)) []"
0,2,-18.6798593054166,-24.0103836831207,-21.198095085647,-40.3044035233931,-19.4663125396536,-17.279399839436,-12.2046597793844
0,2.1,-14.942634426277,-19.2621279542913,-28.4654247367819,-32.1934285542752,-17.280917700352,-16.9100131461794,-11.3060730424391
0,2.2,-14.7895188346479,-19.0745028719851,-29.7031992364135,-30.9700861615195,-17.0969314537694,-17.0532270076386,-11.3377027024759
0,2.3,-14.7094348345607,-19.0602294293921,-29.2301287310884,-31.1105836075528,-17.0545014512374,-16.8927198651069,-11.188434157887
0,2.4,-14.6867176960769,-19.1266669568278,-28.1196860084163,-31.8822514099435,-17.1218142597188,-16.6299530483903,-10.9940880685998
0,2.5,-14.8153519600916,-19.4222162233334,-26.508057852419,-33.2190819800874,-17.3844180278179,-16.3871489922576,-10.8568900920045
0,2.6,-15.144371237129,-20.0306829049579,-24.7236844181986,-34.9148280520432,-17.6957041090528,-16.2288562487755,-10.8141259495729
0,2.7,-15.6335679628469,-20.8115047916993,-23.1856558183744,-36.4899312794225,-18.0390953037363,-16.1726315174237,-10.8547293046015
0,2.8,-16.1694355581563,-21.5160704663742,-22.1013710401325,-37.5056739195593,-18.3951704403495,-16.1949570126095,-10.9443582152016
0,2.9,-16.6369289419677,-22.0207523704354,-21.4249224509576,-37.9520727722738,-18.6424676291439,-16.2541062521682,-11.0472179591976
0,3,-16.974946682651,-22.343149785657,-21.022127396151,-38.0860354458129,-18.7978264481822,-16.3160994668665,-11.137481922848
0,3.1,-17.1790468052145,-22.5487431626214,-20.790845772894,-38.1030337564353,-18.8985223079651,-16.3650839042703,-11.2023208980999
0,3.2,-17.2760855428782,-22.6959655265137,-20.6773798417979,-38.0745979360966,-18.9696731163939,-16.3995643548439,-11.2405615774121
0,3.3,-17.3008191867296,-22.6910782896663,-20.6523989037215,-38.0065335421381,-19.0266719456283,-16.4248365064328,-11.2588478260502
0,3.4,-17.2837721123392,-21.649460431657,-20.6919502201974,-37.887280328498,-19.0790295792092,-16.4475520114758,-11.2667727686713
0,3.5,-17.2475483141073,-22.0983319391051,-20.7732685928635,-37.7108703165133,-19.1326955105836,-16.4732024747108,-11.2730032904219
0,3.6,-17.2071643667426,-22.2886519644446,-20.8776818408958,-37.4831378619859,-19.1913593471119,-16.5054739072284,-11.2835153059294
0,3.7,-17.1716957832043,-22.3734842016217,-20.9927107855072,-37.2189404874938,-19.25721359637,-16.5464436465491,-11.3015597815726
0,3.8,-17.1460342673955,-22.424292786025,-21.1115453165591,-36.9364075199988,-19.3314392116225,-16.5970229999841,-11.3283983915772
0,3.9,-17.1323406723064,-22.4629722353328,-21.2312877385724,-36.652119422249,-19.4145398041306,-16.6573827467407,-11.3641097617385
0,4,-17.1311149286327,-22.4982308747256,-21.3512661535029,-36.3786087882028,-19.5065824869074,-16.727278501248,-11.4081881340084
0,4.1,-17.141928160345,-22.5341647959715,-21.4718701759341,-36.1238545607717,-19.6073728737872,-16.8062710228893,-11.4599083132299
0,4.2,-17.1638954367765,-22.5728910653028,-21.5938766880824,-35.8918930143059,-19.7165796184335,-16.8938626055438,-11.5185177224499
0,4.3,-17.1959647421659,-22.6155468249699,-21.7181062611133,-35.6838179218558,-19.8338195025061,-16.9895743174799,-11.5833222415578
0,4.4,-17.2370829167742,-22.6627327003407,-21.8452707309641,-35.4987620269846,-19.9587123238465,-17.092984708531,-11.6537142446854
0,4.5,-17.2862829708084,-22.7147343826054,-21.9759208466495,-35.3346981745601,-20.0909135903952,-17.2037449343367,-11.729172470307
0,4.6,-17.3427232703417,-22.7716438913944,-22.1104418456795,-35.1890324515409,-20.2301316962529,-17.3215803206012,-11.8092500727074
0,4.7,-17.4056986095004,-22.8334306663101,-22.2490693425662,-35.0590166748953,-20.3761348466326,-17.4462847307199,-11.8935591398183
0,4.8,-17.474635822341,-22.8999853964623,-22.3919117761051,-34.942021000393,-20.5287516592692,-17.577711598414,-11.9817554848753
0,4.9,-17.5490816668838,-22.9711479766655,-22.5389730197322,-34.8357035458772,-20.6878682211809,-17.7157638662055,-12.0735251942133
0,5,-17.6286875423283,-23.0467256743826,-22.6901724946019,-34.7381051742809,-20.8534234718898,-17.860384062359,-12.1685732848722
0,5.1,-17.7131936174241,-23.1265049639955,-22.8453619385495,-34.6476893337478,-21.0254041127229,-18.0115451441337,-12.2666143265744
0,5.2,-17.8024137423949,-23.2102590966116,-23.004338811922,-34.5633408736245,-21.2038397723759,-18.1692423861872,-12.3673646982846
0,5.3,-17.8962218058724,-23.2977526959542,-23.1668566585614,-34.4843341504766,-21.3887988477043,-18.3334864013149,-12.4705361130045
0,5.4,-17.9945397950289,-23.3887442116599,-23.3326328424389,-34.4102789162341,-21.5803852439409,-18.5042972832796,-12.575830070523
0,5.5,-18.0973276015771,-23.4829867769884,-23.5013540766978,-34.3410516481662,-21.7787361257205,-18.6816998189728,-12.682932945003
0,5.6,-18.2045745132952,-23.5802278346301,-23.6726801160734,-34.2767194248913,-21.9840207332977,-18.8657197057499,-12.7915114634957
0,5.7,-18.3162922941174,-23.6802077722689,-23.8462459265645,-34.217462702519,-22.1964402986699,-19.0563807155621,-12.9012083749813
0,5.8,-18.4325097579987,-23.7826577269014,-24.021662592121,-34.1635022253964,-22.4162291016252,-19.2537027626722,-13.011638144966
0,5.9,-18.5532687668421,-23.8872966614145,-24.1985171733475,-34.1150338962147,-22.6436567283269,-19.4577008524005,-13.1223825380992
0,6,-18.678621622339,-23.9938277821849,-24.3763717007512,-34.0721739547626,-22.8790316306283,-19.6683849129766,-13.2329859717531
0,6.1,-18.808629872015,-24.1019343499596,-24.5547614667547,-34.0349155164605,-23.1227061310098,-19.8857605412724,-13.3429505383901
0,6.2,-18.9433646108626,-24.2112749385418,-24.7331927787178,-34.0030965668812,-23.3750830756914,-20.1098307271295,-13.4517306052387
0,6.3,-19.082908434094,-24.3214782202868,-24.9111403530056,-33.9763789449129,-23.6366244082087,-20.3405986621963,-13.558726907713
0,6.4,-19.2273592886835,-24.4321374107392,-25.0880445732897,-33.9542376181123,-23.9078620194625,-20.5780717904484,-13.6632800596264
0,6.5,-19.37683658927,-24.54280459742,-25.2633089136124,-33.9359595428175,-24.189411330386,-20.8222673224107,-13.7646634103232
0,6.6,-19.5314901191557,-24.6529853251514,-25.4362979518384,-33.9206514868035,-24.4819881822278,-21.0732195178422,-13.862075188705
0,6.7,-19.6915124462458,-24.7621340338875,-25.6063365923915,-33.9072562887526,-24.7864297484059,-21.3309891473635,-13.9546298901676
0,6.8,-19.8571558710857,-24.869651273982,-25.7727114090204,-33.8945771110468,-25.1037203396919,-21.5956756778789,-14.041348889946
0,6.9,-20.0287553250549,-24.9748840967388,-25.9346754535035,-33.8813093464506,-25.4350231443343,-21.8674328954888,-14.1211503137174
0,7,-20.206759203336,-25.0771316845877,-26.0914585199014,-33.8660800515812,-25.781719108763,-22.1464888876718,-14.1928382771272
0,7.1,-20.3917709264706,-25.1756592074667,-26.2422857998277,-33.8474952221428,-26.1454542840613,-22.4331715553019,-14.2550917422867
0,7.2,-20.5846051904951,-25.2697241457261,-26.3864092435654,-33.8241960436352,-26.5281969613523,-22.727941108329,-14.3064534669376
0,7.3,-20.7863645589536,-25.3586209947851,-26.5231579319215,-33.7949266231302,-26.9323056486579,-23.0314312956361,-14.3453198980514
0,7.4,-20.9985445230919,-25.4417524661104,-26.652016587118,-33.7586178623396,-27.3606081294768,-23.3445013833518,-14.3699334762258
0,7.5,-21.2231787814043,-25.5187381370666,-26.7727452486756,-33.7144953974139,-27.8164899881057,-23.6683010453432,-14.3783798087864
0,7.6,-21.4630418056938,-25.5895750945701,-26.8855582765944,-33.6622243965041,-28.3039871732318,-24.0043502589059,-14.3685937423227
0,7.7,-21.7219335253633,-25.6548695479828,-26.9913870622951,-33.6021111879894,-28.8278697221199,-24.3546359875355,-14.338380800971
0,7.8,-22.0050821784388,-25.7161636013812,-27.0922571076683,-33.5353921344759,-29.3936895758885,-24.7217274483531,-14.2854640942528
0,7.9,-22.319717231356,-25.7763868877356,-27.1918135488675,-33.464654793421,-30.007738626596,-25.1089152523945,-14.2075719240622
0,8,-22.6758858095954,-25.8404669254863,-27.2960232879952,-33.3944551033726,-30.6768124824719,-25.5204002099704,-14.1025878368196
0,8.1,-23.0876133789009,-25.9161304262266,-27.4140550884881,-33.3322129189865,-31.4075788992209,-25.9616506448421,-13.9687915005616
0,8.2,-23.5745399129304,-26.0149100482716,-27.5592762872664,-33.2894706817243,-32.2051647656773,-26.4404411769516,-13.8052215007717
0,8.3,-24.164189397949,-26.1533163170181,-27.7502007142865,-33.2835419157651,-33.0702259148036,-26.9706538908969,-13.6121806089618
0,8.4,-24.8950441632032,-26.3540068071021,-28.0111160101607,-33.3393585763062,-33.9931543767875,-27.5848748372279,-13.3918632861788
0,8.5,-25.8206093572681,-26.6465381237553,-28.3721364584734,-33.4907865506703,-34.9433001738908,-28.3401739046762,-13.14899216199
0,8.6,-27.0147927739822,-27.0668936391825,-28.8687264342654,-33.7797117134662,-35.8514391290769,-29.1808080426539,-12.8911972005769
0,8.7,-28.5796491634403,-27.6544864768994,-29.5411397208064,-34.2502181068698,-36.5905411520395,-29.9769979480393,-12.6287124737544
0,8.8,-30.6588755999401,-28.4448360664154,-30.4337239812374,-34.9357702741521,-36.982132949787,-30.7792048375092,-12.3729719802944
0,8.9,-33.4643943267162,-29.4553985818283,-31.5918997615022,-35.8414522272641,-36.8733544988766,-31.618155040843,-12.1340956441717
0,9,-37.3003838814041,-30.6601537428317,-33.0543218548541,-36.9294498069518,-36.2562171855833,-32.4683258370534,-11.918078871829
0,9.1,-42.044653780483,-31.9468381670345,-34.8460444391552,-38.1173746976172,-35.2863813452988,-33.2763799363836,-11.7251674646569
0,9.2,-43.2238986730425,-33.069308756632,-36.9890450155394,-39.292751836798,-34.1748110138981,-33.9726320313326,-11.550574170118
0,9.3,-40.1227667711956,-33.6917273221336,-39.5394261472537,-40.3394655220165,-33.0907317249107,-34.4897781184761,-11.3873332564015
0,9.4,-37.7106497416355,-33.6393075099526,-42.6412189346173,-41.1667874257733,-32.1353019900397,-34.8033333197549,-11.2298197001306
0,9.5,-36.3006558812888,-33.0802394540599,-46.5267397756757,-41.7273024846152,-31.3519443584219,-34.9757134416933,-11.0763080559791
0,9.6,-35.5624389230482,-32.323151673991,-50.5444478439051,-42.0140440880447,-30.7449908825698,-35.1289823283617,-10.9297428562222
0,9.7,-35.2195203229222,-31.5841505995389,-49.8229145952972,-42.0429738549557,-30.2977992015518,-35.3200650806355,-10.7968451932247
0,9.8,-34.9960056752275,-30.959091834835,-46.0970114562736,-41.8371380281216,-29.9868705468842,-35.483985476251,-10.6863539224125
0,9.9,-34.6085007101358,-30.4728217241941,-43.1230905175104,-41.4224677116855,-29.7902840534681,-35.5251542748175,-10.6074874470057
0,10,-33.8997388995708,-30.1169621455928,-41.0251645232631,-40.8340490674587,-29.6909284037715,-35.3968183893017,-10.5693866700656
0,10.1,-32.9896352177634,-29.8686669741612,-39.5912367305222,-40.1263417427193,-29.6762639810315,-35.1021690038404,-10.5813105063887
0,10.2,-32.0614269388006,-29.6991979516915,-38.6655345421649,-39.3794061785285,-29.7363603763072,-34.6731497845078,-10.6524772817942
0,10.3,-30.9877796961582,-29.5796881663238,-38.1194626727885,-38.6916320581899,-29.8614565335232,-34.1621997271762,-10.7907042875608
0,10.4,-29.8203194351625,-29.4942124135931,-37.8308975761366,-38.1523087776463,-30.0398009641698,-33.6479290655031,-11.0002266877587
0,10.5,-28.6391626099124,-29.4753305440004,-37.6770603709308,-37.8065058479579,-30.2561214915767,-33.2421124077876,-11.2799764952598
0,10.6,-27.4653055018762,-29.5992431668545,-37.5179913546047,-37.6486154241524,-30.4906657208691,-33.0747048376696,-11.6233460756966
0,10.7,-26.3228892593448,-29.8160001484044,-37.1573349265683,-37.6670121013657,-30.7182866617705,-33.2379813787484,-12.0194763351288
0,10.8,-25.2569922773358,-29.9955864954512,-36.3215354673125,-37.9148149472891,-30.9064233304374,-33.7231190041296,-12.4553250236537
0,10.9,-24.3250485531108,-30.107923472941,-34.9048582328185,-38.5413599184507,-31.009637541602,-34.4229774755656,-12.9176453047046
0,11,-23.5769055052704,-30.1705284716087,-33.6147671440895,-39.6958129904972,-30.9555830671818,-35.2000402006396,-13.3943535640192
0,11.1,-22.9742496968433,-29.8889178384976,-32.6119771944388,-41.207537181471,-31.2102488671575,-35.5321935447094,-13.9006757645856
0,11.2,-22.3727966109894,-29.5893923223067,-31.9104263226447,-42.1149893841331,-31.3422657286016,-35.0939200566959,-14.4625281482035
0,11.3,-21.7039198959526,-29.2792378878489,-31.5141531135716,-42.2947279994185,-31.3897578232801,-34.402727275185,-15.0855286056875
0,11.4,-20.9446888680194,-28.9724657358343,-31.3035700407804,-41.8899299674728,-31.3552492679177,-33.729144582004,-15.7851251521356
0,11.5,-20.10510521492,-28.6701728842275,-31.1312333538233,-41.1230715991565,-31.2003434730774,-33.2291787597527,-16.574587494315
0,11.6,-19.2227415274625,-28.2607340974578,-30.8961079428449,-40.1587615036855,-30.853828725785,-32.9947653643034,-17.4349238311243
0,11.7,-18.3650303631161,-27.5903883925417,-30.5626214301159,-39.1544365577548,-30.2969815117864,-33.0715638807104,-18.2787335538412
0,11.8,-17.6318926347099,-26.8094164878005,-30.1650379424544,-38.3792816476803,-29.7731980299825,-33.4793822257867,-18.9553540924297
0,11.9,-17.1434988662311,-26.0591372857568,-29.8296970480122,-38.2412511051646,-29.5505272422217,-34.2383303399353,-19.332108874207
0,12,-16.9987547743787,-25.4023726881875,-29.8063141604192,-39.0805551713473,-29.5407793522666,-35.3227603332464,-19.4047806862807
0,12.1,-17.2190721918892,-24.9543961526238,-30.419402033992,-40.9451296770611,-29.8666487950884,-36.1202989422015,-19.3537199365664
0,12.2,-17.7196591842417,-24.8490693601889,-31.858333281623,-43.3088745224842,-30.8090324012689,-34.8131087457857,-19.4592511839702
0,12.3,-18.3243102643781,-25.1321638731912,-34.0454722920656,-43.7925524685544,-32.3611017918964,-32.5384416288532,-19.8602882040907
0,12.4,-18.8704333719037,-25.7437139244151,-36.7455476295676,-41.9938956295018,-34.263851495181,-31.424677699858,-20.4563095341722
0,12.5,-19.384266160537,-26.5883178679444,-39.4751961793556,-40.4574638761214,-36.2950786503701,-31.1439134117819,-21.0826922174834
0,12.6,-19.9558054564713,-27.5838329068971,-42.0871791751738,-39.553251378602,-38.3627814767743,-31.1523498926289,-21.6433606840217
0,12.7,-20.5774830662685,-28.670219941985,-45.1692141778517,-38.9958086918652,-40.4651408335495,-31.2241622899733,-22.1148430176683
0,12.8,-21.2102042618187,-29.8059393133012,-49.0157711973388,-38.597788112525,-42.6506281128951,-31.2826087453929,-22.5180144116582
0,12.9,-21.8298784876038,-30.9636374380433,-52.9677711209476,-38.2743785425312,-45.0058796304867,-31.299515140021,-22.873842819348
0,13,-22.4270408989219,-32.126394528702,-52.8867310549258,-37.990406481922,-47.6688612217122,-31.2589002773397,-23.1846851037653
0,13.1,-22.9999388731946,-33.2844530045297,-49.6300455966379,-37.7315608426024,-50.8740731434321,-31.1508861552383,-23.4504804579417
0,13.2,-23.5502952786848,-34.4324943224073,-46.7653954439227,-37.4918208809484,-55.0399094070573,-30.9908574020773,-23.674483330384
0,13.3,-24.081248808268,-35.567454019769,-44.5713067390424,-37.2682942985452,-60.3220475259106,-30.8232949177399,-23.8610344909528
0,13.4,-24.5964059752296,-36.6867318464578,-42.8442623608028,-37.0591814941778,-60.5048671451743,-30.6724901635505,-24.0141116171536
0,13.5,-25.0994165458067,-37.7865953728436,-41.4335421713872,-36.8630224172902,-55.8887133787248,-30.5295175661861,-24.1370274601814
0,13.6,-25.5937946191699,-38.8605924616852,-40.2458720492249,-36.6784550171637,-52.4458809879507,-30.3814627506612,-24.2325217542639
0,13.7,-26.082856658273,-39.8978783997676,-39.2226055760761,-36.5041661932901,-49.9824603066066,-30.2226473614254,-24.302920444693
0,13.8,-26.5697160004537,-40.8815671472459,-38.3252971617491,-36.338905497543,-48.1026022226316,-30.0522858971056,-24.3502711254821
0,13.9,-27.0573049599395,-41.7875969845435,-37.5276378049569,-36.1815111304753,-46.5929527087578,-29.8715488044187,-24.3764396636776
0,14,-27.5484106878096,-42.5851398160576,-36.8108993315981,-36.0309306887217,-45.3349720319103,-29.6821450852682,-24.3831728698412
0,14.1,-28.0457183874236,-43.239938753928,-36.1612736370794,-35.8862323830006,-44.257726580611,-29.485785013396,-24.3721355290323
0,14.2,-28.5518593158584,-43.721299534272,-35.5682626831949,-35.7466073953544,-43.3159515474273,-29.2840075190591,-24.3449293509416
0,14.3,-29.0694631155795,-44.0111231751291,-35.0236713767756,-35.6113655357791,-42.4792297326465,-29.078143163415,-24.3030998637848
0,14.4,-29.6012153399347,-44.1105990847351,-34.5209578693562,-35.479926479099,-41.7262524532249,-28.8693238318704,-24.2481358278784
0,14.5,-30.149922052151,-44.0403056934373,-34.0548020576172,-35.3518085035014,-41.0415746590683,-28.6585061546518,-24.1814645404189
0,14.6,-30.7185843916227,-43.8336521010033,-33.6208108262773,-35.2266161825974,-40.4136789515642,-28.4464967985446,-24.1044454328108
0,14.7,-31.3104872510635,-43.5278477378223,-33.2153110742295,-35.1040280467372,-39.833767449531,-28.2339756724086,-24.0183635902153
0,14.8,-31.9293079494614,-43.1568222177442,-32.8352004128488,-34.9837848725999,-39.2949788271688,-28.0215160120333,-23.9244242191798
0,14.9,-32.5792533706797,-42.7477756985838,-32.4778366402211,-34.8656789883966,-38.791864345751,-27.8096013544276,-23.8237486293074
0,15,-33.2652380214461,-42.3206598403511,-32.1409539111766,-34.749544785609,-38.3200274142394,-27.5986397453218,-23.7173719582347
0,15.1,-33.9931217882439,-41.8891854245524,-31.822597739668,-34.6352504928599,-37.8758696481096,-27.3889755923487,-23.6062426359605
0,15.2,-34.7700365198392,-41.4622834603477,-31.5210736187025,-34.5226911792142,-37.4564081777303,-27.180899551824,-23.4912234353296
0,15.3,-35.6048480522577,-41.0454704181227,-31.2349057302318,-34.4117829007125,-37.0591417627239,-26.9746567852086,-23.3730938715743
0,15.4,-36.5088309902831,-40.6419302561448,-30.962803307124,-34.3024578752933,-36.6819510429639,-26.7704538667208,-23.2525536781683
0,15.5,-37.4966898500099,-40.2533031131334,-30.7036329235704,-34.194660559709,-36.3230231132085,-26.5684645744637,-23.1302270840997
0,15.6,-38.5881688628868,-39.8802334753089,-30.4563954660702,-34.0883445017443,-35.980793719908,-26.3688347558662,-23.0066676369504
0,15.7,-39.8107160310304,-39.5227403471062,-30.2202068599358,-33.9834698477079,-35.6539024180379,-26.1716864239518,-22.8823633475466
0,15.8,-41.204161723528,-39.1804625836519,-29.9942818497889,-33.8800013957629,-35.3411573899097,-25.977121212968,-22.7577419686162
0,15.9,-42.8295769512241,-38.8528192651216,-29.7779202907668,-33.7779070980743,-35.0415075572912,-25.7852232991676,-22.6331762571947
0,16,-44.7877943263086,-38.5391132545368,-29.5704955218451,-33.677156927604,-34.7540202620345,-25.59606187404,-22.5089891055328
0,16.1,-47.2638774268189,-38.2385971554051,-29.3714444777478,-33.5777220378026,-34.4778632432903,-25.4096932422308,-22.3854584563476
0,16.2,-50.6588721574966,-37.9505145560392,-29.1802592604553,-33.4795741549135,-34.2122899624145,-25.226162604095,-22.2628219446988
0,16.3,-56.1579192788238,-37.6741251183266,-28.9964799412951,-33.3826851528812,-33.9566275600195,-25.0455055727544,-22.1412812304808
0,16.4,-73.6263350007657,-37.4087191649328,-28.8196884040114,-33.2870267698356,-33.7102669002021,-24.8677494672622,-22.0210060027663
0,16.5,-59.0576079846774,-37.153625490806,-28.6495030707702,-33.192570432839,-33.4726542830275,-24.6929144166568,-21.9021376505145
0,16.6,-52.3554420164935,-36.9082148506149,-28.4855743786607,-33.099287164104,-33.2432845004474,-24.5210143040568,-21.7847926040246
0,16.7,-48.6773098737782,-36.6719007329828,-28.3275808952365,-33.0071475473412,-33.0216949817414,-24.3520575752783,-21.6690653585753
0,16.8,-46.1452873731846,-36.4441384775263,-28.1752259789793,-32.916121737397,-32.8074608284767,-24.1860479325769,-21.555031196463
0,16.9,-44.2218194851581,-36.2244234242027,-28.0282349049975,-32.8261795000252,-32.6001905803113,-24.0229849308807,-21.4427486266502
0,17,-42.6765298660248,-36.0122885421277,-27.8863523883285,-32.7372902716259,-32.3995225848889,-23.8628644911833,-21.3322615628471
0,17.1,-41.3892081461292,-35.8073018246967,-27.7493404473453,-32.6494232311903,-32.2051218699252,-23.7056793435017,-21.2236012614501
0,17.2,-40.2891101471943,-35.6090636318173,-27.6169765583011,-32.5625473786098,-32.0166774350542,-23.5514194099047,-21.1167880406047
0,17.3,-39.331041222216,-35.417204090092,-27.4890520592532,-32.476631615028,-31.8338998963689,-23.4000721365232,-21.0118328009887
0,17.4,-38.4843447892183,-35.2313806158012,-27.3653707677142,-32.3916448221103,-31.6565194287801,-23.2516227821033,-20.9087383678926
0,17.5,-37.7272485732184,-35.0512755955343,-27.2457477815617,-32.3075559380364,-31.4842839610609,-23.106054669529,-20.8075006729356
0,17.6,-37.0437164407657,-34.8765942399746,-27.1300084371393,-32.22433402874,-31.3169575862586,-22.9633494057738,-20.708109792406
0,17.7,-36.4215816066618,-34.7070626140951,-27.0179874022379,-32.1419483534693,-31.1543191564764,-22.823487074929,-20.6105508578196
0,17.8,-35.8513825934563,-34.5424258395053,-26.909527884842,-32.0603684241536,-30.9961610361489,-22.6864464082565,-20.5148048529046
0,17.9,-35.3256069226288,-34.3824464602812,-26.8044809412602,-31.9795640583733,-30.8422879921194,-22.5522049346274,-20.42084930988
0,18,-34.8381825844493,-34.2269029612608,-26.7027048695951,-31.8995054259502,-30.692516202252,-22.4207391142017,-20.3286589166212
0,18.1,-34.3841260354194,-34.0755884267568,-26.6040646765095,-31.8201630893376,-30.5466723671351,-22.2920244577769,-20.2382060451153
0,18.2,-33.959292382719,-33.9283093274544,-26.508431606957,-31.7415080380969,-30.4045929117654,-22.1660356338642,-20.1494612105069
0,18.3,-33.5601941861881,-33.7848844235933,-26.4156827280181,-31.6635117178195,-30.26612326604,-22.0427465652383,-20.0623934690232
0,18.4,-33.1838674722564,-33.6451437731675,-26.325700559244,-31.5861460538943,-30.1311172145009,-21.9221305164389,-19.9769707621507
0,18.5,-32.8277709289,-33.5089278346739,-26.2383727429931,-31.5093834705406,-29.9994363071301,-21.8041601734722,-19.8931602136016
0,18.6,-32.4897088601398,-33.3760866548018,-26.1535917491769,-31.4331969055327,-29.8709493241288,-21.6888077167624,-19.8109283848612
0,18.7,-32.1677714384317,-33.2464791323325,-26.0712546096348,-31.3575598210328,-29.7455317885759,-21.5760448882401,-19.7302414944355
0,18.8,-31.8602877400411,-33.1199723503619,-25.99126267804,-31.282446210935,-29.623065521671,-21.4658430533058,-19.6510656053196
0,18.9,-31.56578835655,-32.9964409697607,-25.9135214118356,-31.2078306051043,-29.5034382359591,-21.3581732582875,-19.5733667846733
0,19,-31.282975271437,-32.8757666775268,-25.8379401732057,-31.1336880708675,-29.3865431625196,-21.2530062839085,-19.497111239215
0,19.1,-31.010697314554,-32.7578376843629,-25.764432046522,-31.0599942120909,-29.2722787086061,-21.1503126951898,-19.4222654294253
0,19.2,-30.7479299483743,-32.6425482664245,-25.6929136700846,-30.9867251661507,-29.1605481426546,-21.0500628881392,-19.3487961652789
0,19.3,-30.4937584557797,-32.529798346738,-25.6233050802936,-30.913857599078,-29.0512593039475,-20.9522271335176,-19.2766706858924
0,19.4,-30.2473638280438,-32.4194931122822,-25.5555295666673,-30.8413686991333,-28.9443243345418,-20.8567756179162,-19.2058567251872
0,19.5,-30.0080108191896,-32.3115426631677,-25.489513536357,-30.7692361690428,-28.839659431345,-20.7636784823389,-19.1363225654078
0,19.6,-29.7750377566236,-32.2058616907395,-25.4251863870108,-30.6974382171036,-28.7371846164633,-20.6729058584453,-19.0680370801116
0,19.7,-29.5478477900556,-32.1023691817798,-25.362480387013,-30.6259535473451,-28.6368235241554,-20.5844279025809,-19.0009697680454
0,19.8,-29.3259013298123,-32.0009881462919,-25.3013305622701,-30.5547613489146,-28.5385032029077,-20.498214827697,-18.9350907791498
0,19.9,-29.1087094778436,-31.9016453666226,-25.241674588843,-30.4838412848333,-28.4421539313026,-20.4142369332439,-18.8703709337782
0,20,-28.8958282944352,-31.8042711659206,-25.1834526908293,-30.4131734802564,-28.3477090464969,-20.3324646331052,-18.8067817360812
